{
  "providers": {
    "awscloudformation": {
      "AuthRoleName": "amplify-portfolioapp-dev-14925-authRole",
      "UnauthRoleArn": "arn:aws:iam::873927283701:role/amplify-portfolioapp-dev-14925-unauthRole",
      "AuthRoleArn": "arn:aws:iam::873927283701:role/amplify-portfolioapp-dev-14925-authRole",
      "Region": "us-east-1",
      "DeploymentBucketName": "amplify-portfolioapp-dev-14925-deployment",
      "UnauthRoleName": "amplify-portfolioapp-dev-14925-unauthRole",
      "StackName": "amplify-portfolioapp-dev-14925",
      "StackId": "arn:aws:cloudformation:us-east-1:873927283701:stack/amplify-portfolioapp-dev-14925/b3bc7190-0113-11eb-9847-126c97cb5bc1",
      "AmplifyAppId": "d3q8pgx7qbnlg2"
    }
  },
  "function": {
    "greetingsapi": {
      "build": true,
      "providerPlugin": "awscloudformation",
      "service": "Lambda",
      "dependsOn": [],
      "lastBuildTimeStamp": "2020-09-27T23:05:57.143Z",
      "lastPackageTimeStamp": "2020-09-27T23:05:59.115Z",
      "distZipFilename": "greetingsapi-494a616344516d4f777a-build.zip",
      "providerMetadata": {
        "s3TemplateURL": "https://s3.amazonaws.com/amplify-portfolioapp-dev-14925-deployment/amplify-cfn-templates/function/greetingsapi-cloudformation-template.json",
        "logicalId": "functiongreetingsapi"
      },
      "lastPushTimeStamp": "2020-09-27T23:43:07.153Z",
      "output": {
        "Region": "us-east-1",
        "CloudWatchEventRule": "amplify-portfolioapp-dev-14925-fun-CloudWatchEvent-NOGHEDZPW0D0",
        "Arn": "arn:aws:lambda:us-east-1:873927283701:function:greetingsapi-dev",
        "Name": "greetingsapi-dev",
        "LambdaExecutionRole": "portfolioappLambdaRole75ce2b4f-dev"
      },
      "lastPushDirHash": "KQM469IMruEjI0Fsxz1YB+o5bko="
    }
  },
  "api": {
    "greetingsapi": {
      "service": "API Gateway",
      "providerPlugin": "awscloudformation",
      "dependsOn": [
        {
          "category": "function",
          "resourceName": "greetingsapi",
          "attributes": [
            "Name",
            "Arn"
          ]
        }
      ],
      "providerMetadata": {
        "s3TemplateURL": "https://s3.amazonaws.com/amplify-portfolioapp-dev-14925-deployment/amplify-cfn-templates/api/greetingsapi-cloudformation-template.json",
        "logicalId": "apigreetingsapi"
      },
      "lastPushTimeStamp": "2020-09-27T23:43:07.161Z",
      "output": {
        "ApiName": "greetingsapi",
        "RootUrl": "https://qe0ibo39a4.execute-api.us-east-1.amazonaws.com/dev",
        "ApiId": "qe0ibo39a4"
      },
      "lastPushDirHash": "97MMfMyi0kNVMqvIhqTIPzTwnjw="
    }
  },
  "hosting": {
    "amplifyhosting": {
      "service": "amplifyhosting",
      "providerPlugin": "awscloudformation",
      "type": "manual",
      "providerMetadata": {
        "s3TemplateURL": "https://s3.amazonaws.com/amplify-portfolioapp-dev-14925-deployment/amplify-cfn-templates/hosting/amplifyhosting-template.json",
        "logicalId": "hostingamplifyhosting"
      },
      "lastPushTimeStamp": "2020-09-27T23:43:07.170Z",
      "output": {},
      "lastPushDirHash": "/+VZ33seFFqAr6wbtptwbINUfSA="
    }
  }
}